{
  "project_info": {
    "project_number": "333448426360",
    "project_id": "mypnj-4e081",
    "storage_bucket": "mypnj-4e081.appspot.com"
  },
  "client": [
    {
      "client_info": {
        "mobilesdk_app_id": "1:333448426360:android:df3ee67814047bcb5d0e8d",
        "android_client_info": {
          "package_name": "com.example.mypnj"
        }
      },
      "oauth_client": [
        {
          "client_id": "333448426360-laqcv08a5n0svqfvqs9ed8dcmogisce9.apps.googleusercontent.com",
          "client_type": 1,
          "android_info": {
            "package_name": "com.example.mypnj",
            "certificate_hash": "490250385a7e83520860c3d13f9aac311c2f81c2"
          }
        },
        {
          "client_id": "333448426360-alevs1t908rpc81suldlrubeq653s4v7.apps.googleusercontent.com",
          "client_type": 3
        }
      ],
      "api_key": [
        {
          "current_key": "AIzaSyAM8_LTMCOgojllORlpAmwG5lsUMOd_VlM"
        }
      ],
      "services": {
        "appinvite_service": {
          "other_platform_oauth_client": [
            {
              "client_id": "333448426360-alevs1t908rpc81suldlrubeq653s4v7.apps.googleusercontent.com",
              "client_type": 3
            }
          ]
        }
      }
    }
  ],
  "configuration_version": "1"
}